,site_name,top1,top2,top3,top4,top5,top6,top7,top8,top9,top10,top11,top12,top13,top14,top15,top16,top17,top18,top19,top20,top21,top22,top23,top24,top25,top26,top27,top28,top29,top30,top31,top32,top33,top34,top35,top36,top37,top38,top39,top40,top41,top42,top43,top44,top45,top46,top47,top48,top49,top50,top51,top52,top53,top54,top55,top56,top57,top58,top59,top60,top61,top62,top63,top64,top65,top66,top67,top68,top69,top70,top71,top72,top73,top74,top75,top76,top77,top78,top79,top80,top81,top82,top83,top84,top85,top86,top87,top88,top89,top90,top91,top92,top93,top94,top95,top96,top97,top98,top99,top100
0,,,,,,,,,,,,,,,,,,,,,,,,,,,,,,,,,,,,,,,,,,,,,,,,,,,,,,,,,,,,,,,,,,,,,,,,,,,,,,,,,,,,,,,,,,,,,,,,,,,,,
1,biyoulabox.xyz,2018年,9月10日,1位,2位,3位,4位,5位,6位,7位,8位,9位,10位,11位,12位,13位,14位,15位,16位,17位,18位,健康,BIYOULABOX,Toggle,navigation,新着,殿堂入り,5月11日,19位,20位,21位,22位,23位,24位,25位,26位,27位,28位,29位,30位,ダイエット,女性,的,食事,美容,美肌,メイク,コスメ,オシャレ,愛,感じる,話,秘密,恋,バナ,サイト,ポリシー,運営,者,情報,問い合せ,,,,,,,,,,,,,,,,,,,,,,,,,,,,,,,,,,,,,,,,
2,blog.goo.ne.jp,1714,goo blog,ジャンル,日,goo,新規作成,テンプレート,使い方,gooブログ,2019年,お知らせ,ブログ,スキップ,トップ,サイトマップ,スタート,ページ,設定,RSS,ヘルプ,編集,お題,公式ブログ,ブログパーツ,有料,アクセス,検索,アプリ,端末,バージョンアップ,リニューアル,利用規約,集計,02,月,06,愛,本日,メール,無料,作成,メニュー,本文,blog,ブログトップ,フォト,チャンネル,話題,ゴールドブロガー,おしらせ,更新日,2月7日,iOS,Android,弾,リリース,改定,編集長,選び,者,上野東照宮,今朝,丹沢,日本一,大雪,降っ,城崎温泉,表情,夢ごこち,奥志賀,高原,くるねこ大和,伊勢,ー,白山,道,羽生結弦,選手,応援,ブロ,kosumo,70,BB,覚醒,記録,ふぶき,部屋,楽しく,節約,通販,ライフ,でぶ,アメショ,無い,生活,公営競技,どこ,行く,詩,tel
3,otonanswer.jp,漫画,エンタメ,201927,反響,ライフ,201926,見る,PR,NEW,し,201923,特別企画,柳原可奈子,思い出,かわいい,描く,マナー違反,の,ショット,201925,声,オトナンサーオトナ,教養,バラエティー,映画,インフルエンザ,コーヒー,新着,ダチョウ倶楽部,後輩,祝福,肥後克広,太田プロ,パーティー,やり,ライアン・ゴズリング,ニール・アームストロング,役,苦労,壊し,いけ,間違い,1歳,10カ月,息子,一風,変わっ,風邪,花粉症,ビジネス,シーン,マスク,着用,あたる,横浜流星,担任,中村倫也,勉強,教わる,イケメン,詰め合わせ,証明,飲む,201924,芸能人,さ,大好き,さん,する,試し,結果,乗りものニュース,TOP,ドラマ,医療,テレビ,日テレ,栄信,アレルギー,福原遥,日比美思,菅田将暉,3年A組,今田美桜,上白石萌歌,企業,リッチ・ムーア,ダイドードリンコ,フェリシモ,がん,糖尿病,生活習慣病,心疾患,認知症,歯周病,アルツハイマー,クラーク・スペンサー,家売るオンナ,逆襲,情報
4,www.hpfree.com,くじ,月,2018年,日,抽せん,全国自治宝くじ,2019年,宝くじ,01,05,08,31日,毎週,速報,ミニ,03,回,04,02,地域医療等振興自治宝くじ,レインボー,ナビ,案内,バレンタイン,12月31日,14日,協賛,2017年,20日,09,ミニロト,当選番号,月日,ジャンボ宝くじ,年末ジャンボ,10月30日,地方自治,春,07,ビッグチャンス,ワールドマスターズゲームズ,23日,金曜日,研究会,6,スポンサードリンク,抽選,結果発表,過去,一覧,当せん,番号,サイトマップ,Facebook,Twitter,Google,はてブ,LINE,ドリームジャンボ宝くじ,787回,ドリームジャンボ,788回,779回,ジャンボ,780回,年末ジャンボ宝くじ,770回,771回,プチ,772回,ハロウィン,765回,ハロウィンジャンボミニ,766回,サマージャンボ宝くじ,754回,サマージャンボ,755回,2416,東京都,2478,関東,中部,東北,自治,2597,近畿,2286,西日本,冬,新春,運だめし,10日,初夢宝くじ,11月27日,2021,関西,11月,秋,10月
5,tsuyaplus.jp,月,02,日,2019年,ビューティー,選,3,つや,ヘア,美容,フード,肌,腸,悩み,メイク,06,美,顔,全般,3つ,04,2018年,40代,ツヤ,NG,ファッション,ライフスタイル,05,更新,プラ,活,乾燥,クマ,身体,首,女性,なる,習慣,アイテム,ちょい足し,ストレッチ,03,美尻,01,小顔,シミ,そばかす,肝斑,くすみ,毛穴,たるみ,むくみ,輝く,ため,老け,パワー,レシピ,実践,する,できる,寝る,おすすめ,教える,対策,きらめく,プラス,エイジング,注目,アレンジ,MAKE,BEAUTY,LIFESTYLE,FOOD,肌荒れ,テカリ,脂,しわ,吹き出物,ニキビ,上半身,腕,バスト,背中,下半身,ウエスト,腰,まわり,ヒップ,脚,ハリ・コシ,白髪,何,歳,キレイ,読者,今,試し,み,効く,つき
6,maho.jp,小説,コンテスト,無料,作品,コミック,MAGAZINE,ログイン,新規,会員登録,あなた,ツイート,魔法のiらんど,日本,最大級,ガールズエンタテイメントサイト,menu,妄想,かなえ,女の子,ため,サイト,SCROLL,いつ,どこ,読み放題,書籍化,映像,化,し,人気作品,女性向け,300万,タイトル,すべて,楽しめる,合っ,みつかる,楽しく,かんたん,便利,検索,探す,スマホ,書ける,作家,デビュー,チャンス,開催,しおり,機能,使える,投稿,できる,ファン,限定,読める,特集,ホームページ,ブログランキング,TOP,システム,会員,規約,免責,事項,プライバシーポリシー,運営会社,広告掲載,ユーザー,サポート,KADOKAWA CORPORATION,2019,,,,,,,,,,,,,,,,,,,,,,,,,,,,
7,jyanich.com,山口達也,TOKIO,復帰,し,鉄腕DASH,い,いる,さ,目撃,れ,復活,なっ,ジャニーズ,人,DASH島,月,新井浩文,放置,2019年,する,の,スタッフ,日,炎上,コメント,しれ,独立,まとめ,3,02,カテゴリ,Tweet,話,続きを読む,タグ,解散,山口メンバー,打ち切り,捏造,借金,暴露,件,テレビ,企画,ある,言わ,業界,密会,4,為,07,日テレ,打ち合わせ,こと,せ,入院,れる,延期,マネージャー,姿,アンテナ,5,DASH,それ,進め,開拓,関係,事,小屋,完成,影響,2月,5月,変更,20190206,水,9,おり,なる,赤坂,焼肉屋,嵐,V6,優しさ,0,20190207,木,関係者,タイミング,考え,DASH海岸,密談,者,なれ,なら,謎,酒,事件,あっ,完全
8,www.jabezadvisory.com,くじ,宝くじ,案内,ジャンボ宝くじ,ミニ,当選番号,速報,バレンタイン,ビッグチャンス,新春,運だめし,東京都,関東,中部,東北,自治,近畿,西日本,ドリームジャンボ宝くじ,お年玉,付き,年賀はがき,初夢宝くじ,年末ジャンボ宝くじ,レインボー,秋,ハロウィン,かもめ〜る,宝くじの日,サマージャンボ宝くじ,スポンサードリンク,年末ジャンボ,プチ,サマージャンボ,幸運,春,協賛,結果発表,当せん,番号,サイトマップ,Facebook,Twitter,Google,はてブ,LINE,楽しみ,抽せん,BIG,当選,ドリームジャンボ,くーちゃん,ハロウィンジャンボミニ,お月見,ジャンボ,クーちゃん,冬,爛漫,幸運の女神,夏,東京2020,大会,書店くじ,ワールドマスターズゲームズ,2021,関西,売り場,大阪駅,4,ビル,特設,売場,ロト7,ロト6,西銀座,チャンスセンター,ビンゴ5,子育て支援,Copyright,,,,,,,,,,,,,,,,,,,,,
9,db.sp.netkeiba.com,モエロウエクラ,馬,競走馬,データベース,レース,新着,勝率,連対,率,万,円,代表,競馬,騎手,netkeibacom,検索,トップ,コラム,ブックス,地方競馬,俺,プロ,広場,一口馬主,POG,お気に入り,ゲーム,アカウント,みんな,掲示板,投稿写真,ハーツ,栗東,16勝,3,3億,プレミアム,サービス,情報満載,ログイン,ウマ,い,馬券,厳選,予想,みんなの競馬,調教師,馬主,生産者,詳細,コメント,スコッチ,リール,あるこ,ジャーマン,プリンサン,メドウラーク,ワイルドカード,ベバスカーン,ボールドアテンプト,ゴールド,ブラッド,コスモバーダン,ドリームリヴァール,すべて,見る,リーディング,情報,海外,マーフィー,17勝,202,333,ルメール,208,390,武豊,193,301,ディープインパクト,5億,56693,グローリーヴェイズ,ステイゴールド,46712,ウインブライト,ロードカナロア,5931,ダノンスマッシュ,P,便利,得,案内,お気づき,点,ござい,聞か,せ,ください,意見
10,medicalnote.jp,ã,å,ç,æ,è,é,ä,Asset,ï,Medical,5074,2062,201575,â,201595,201788,Noteå,432,24,ALSã,13,20190128,LDLã,175,Î,GTP,20190113,20181225,158510,MNã,30,Note,Facebook,Twitter,note,Inc,,,,,,,,,,,,,,,,,,,,,,,,,,,,,,,,,,,,,,,,,,,,,,,,,,,,,,,,,,,,,,,,
11,blog.livedoor.jp/kinisoku/archives/5013621.html,月,01,なる,気,コメント,2019年,名無しさん,返信,10日,20190109,水,風,吹け,名無し,0,net,し,シリーズ,ん,さ,ID,大学,ものつくり大学,キニ速,する,ハルトマン,2018年,2017年,2016年,2015年,2014年,2013年,2012年,2011年,3,58,さん,てる,れ,9,奴,02,12月,11月,10月,09,08,逮捕,れる,の,もの,つくり,これ,みたい,悲報,07,06,05,04,03,画像,7,て,5,女,大学生,スマホ,やつ,少林サッカー,23,ワイ,まとめ,JC,服,脱が,せ,撮影,カテゴリ,6,思っ,大,8,4,こいつ,そう,顔,一覧,2010年,速報,犯罪,ギャンブル,スマートフォン,男,草,学校,なっ,好き,言っ,い,名前
